type,value,sex,timeblock
weight,1.1085,male,current
weight,1.4285,male,current
weight,1.7228,male,current
weight,1.9837,male,current
weight,2.2089,male,current
weight,2.3995,male,current
weight,2.5586,male,current
weight,2.6899,male,current
weight,2.7974,male,current
weight,2.8848,male,current
weight,2.9555,male,current
weight,3.0125,male,current
weight,3.0584,male,current
weight,3.0951,male,current
weight,3.1245,male,current
weight,3.148,male,current
weight,3.1668,male,current
weight,3.1817,male,current
weight,3.1936,male,current
weight,3.2031,male,current
weight,3.2107,male,current
weight,3.2167,male,current
weight,3.2215,male,current
weight,3.2253,male,current
weight,3.2283,male,current
weight,3.2307,male,current
weight,3.2326,male,current
weight,3.2341,male,current
weight,3.2353,male,current
weight,3.2381,male,current
weight,1.2128,female,current
weight,1.5901,female,current
weight,1.9759,female,current
weight,2.3584,female,current
weight,2.7286,female,current
weight,3.0805,female,current
weight,3.41,female,current
weight,3.715,female,current
weight,3.9945,female,current
weight,4.2486,female,current
weight,4.4782,female,current
weight,4.6843,female,current
weight,4.8686,female,current
weight,5.0327,female,current
weight,5.1784,female,current
weight,5.3073,female,current
weight,5.421,female,current
weight,5.5213,female,current
weight,5.6094,female,current
weight,5.6868,female,current
weight,5.7546,female,current
weight,5.8141,female,current
weight,5.8661,female,current
weight,5.9115,female,current
weight,5.9512,female,current
weight,5.9859,female,current
weight,6.0161,female,current
weight,6.0425,female,current
weight,6.0655,female,current
weight,6.1528,female,current
weight,1.2,average,unused
weight,1.6,average,unused
weight,2,average,unused
weight,2.4,average,unused
weight,2.8,average,unused
weight,3.1,average,unused
weight,3.2,average,unused
weight,3.4,average,unused
weight,3.4,average,unused
weight,3.5,average,unused
weight,3.3,average,unused
weight,3.6,average,unused
weight,3.7,average,unused
weight,3.8,average,unused
weight,4,average,unused
weight,4,average,unused
weight,4.2,average,unused
weight,4.6,average,unused
weight,4.5,average,unused
weight,4.8,average,unused
weight,5.1,average,unused
weight,4.5,average,unused
weight,5.4,average,unused
weight,4.6,average,unused
weight,5.1,average,unused
weight,5,average,unused
weight,4.6,average,unused
weight,5.5,average,unused
weight,4.8,average,unused
weight,5.3,average,unused
weight,1.2,old,unused
weight,1.6,old,unused
weight,2,old,unused
weight,2.4,old,unused
weight,2.8,old,unused
weight,3.1,old,unused
weight,3.2,old,unused
weight,3.4,old,unused
weight,3.4,old,unused
weight,3.5,old,unused
weight,3.3,old,unused
weight,3.6,old,unused
weight,3.7,old,unused
weight,3.8,old,unused
weight,4,old,unused
weight,4,old,unused
weight,4.2,old,unused
weight,4.6,old,unused
weight,4.5,old,unused
weight,4.8,old,unused
weight,5.1,old,unused
weight,4.5,old,unused
weight,5.4,old,unused
weight,4.6,old,unused
weight,5.1,old,unused
weight,5,old,unused
weight,4.6,old,unused
weight,5.5,old,unused
weight,4.8,old,unused
weight,5.3,old,unused
maturity,0.022375363,female,all
maturity,0.046018622,female,all
maturity,0.092286518,female,all
maturity,0.176467916,female,all
maturity,0.311118342,female,all
maturity,0.487670289,female,all
maturity,0.667353261,female,all
maturity,0.808734125,female,all
maturity,0.899109861,female,all
maturity,0.949450979,female,all
maturity,0.975361733,female,all
maturity,0.988156652,female,all
maturity,0.994345552,female,all
maturity,0.997309166,female,all
maturity,0.998721485,female,all
maturity,0.999392981,female,all
maturity,0.999711899,female,all
maturity,0.999863285,female,all
maturity,0.999935129,female,all
maturity,0.99996922,female,all
maturity,0.999985396,female,all
maturity,0.999993071,female,all
maturity,0.999996712,female,all
maturity,0.99999844,female,all
maturity,0.99999926,female,all
maturity,0.999999649,female,all
maturity,0.999999833,female,all
maturity,0.999999921,female,all
maturity,0.999999962,female,all
maturity,0.999999982,female,all
weight,1.0695,male,early
weight,1.4409,male,early
weight,1.7768,male,early
weight,2.0663,male,early
weight,2.3077,male,early
weight,2.5044,male,early
weight,2.6622,male,early
weight,2.7872,male,early
weight,2.8854,male,early
weight,2.962,male,early
weight,3.0214,male,early
weight,3.0674,male,early
weight,3.1029,male,early
weight,3.1302,male,early
weight,3.1511,male,early
weight,3.1672,male,early
weight,3.1796,male,early
weight,3.189,male,early
weight,3.1963,male,early
weight,3.2018,male,early
weight,3.2061,male,early
weight,3.2093,male,early
weight,3.2118,male,early
weight,3.2137,male,early
weight,3.2152,male,early
weight,3.2163,male,early
weight,3.2171,male,early
weight,3.2178,male,early
weight,3.2183,male,early
weight,3.2193,male,early
weight,1.1289,female,early
weight,1.5716,female,early
weight,2.0231,female,early
weight,2.4639,female,early
weight,2.8806,female,early
weight,3.2653,female,early
weight,3.614,female,early
weight,3.9258,female,early
weight,4.2014,female,early
weight,4.4427,female,early
weight,4.6527,female,early
weight,4.8342,female,early
weight,4.9903,female,early
weight,5.1242,female,early
weight,5.2385,female,early
weight,5.336,female,early
weight,5.4188,female,early
weight,5.4891,female,early
weight,5.5486,female,early
weight,5.599,female,early
weight,5.6416,female,early
weight,5.6775,female,early
weight,5.7079,female,early
weight,5.7335,female,early
weight,5.755,female,early
weight,5.7732,female,early
weight,5.7885,female,early
weight,5.8014,female,early
weight,5.8122,female,early
weight,5.8455,female,early
ratio_m,0.5,male,early
ratio_m,0.5,male,recent
